{"entities":{"pages":{"welcome":{"id":"welcome","title":"This is a webpage hosted by Donspaces","url":"welcome.html","level":0,"tabIndex":0},"Web-game-Blackhole-2-0":{"id":"Web-game-Blackhole-2-0","title":"Game - Blackhole 4.0","url":"web-game-blackhole-2-0.html","level":0,"tabIndex":1},"Game-Download-Page":{"id":"Game-Download-Page","title":"Game Download Page","url":"game-download-page.html","level":0,"tabIndex":2},"Website-map-future":{"id":"Website-map-future","title":"Website map (future)","url":"website-map-future.html","level":0,"tabIndex":3}}},"topLevelIds":["welcome","Web-game-Blackhole-2-0","Game-Download-Page","Website-map-future"]}